<?xml version="1.0" encoding="UTF-8"?>
<beans xmlns="http://www.springframework.org/schema/beans"
       xmlns:xsi="http://www.w3.org/2001/XMLSchema-instance"
       xmlns:mvc="http://www.springframework.org/schema/mvc"
       xmlns:p="http://www.springframework.org/schema/p"
       xsi:schemaLocation="http://www.springframework.org/schema/beans
       http://www.springframework.org/schema/beans/spring-beans.xsd
       http://www.springframework.org/schema/mvc
       http://www.springframework.org/schema/mvc/spring-mvc.xsd">

    <mvc:annotation-driven/>

    <bean id="urlMapping" class="org.springframework.web.servlet.handler.SimpleUrlHandlerMapping">
        <property name="mappings">
            <props>
                <prop key="/users">user</prop>
                <prop key="/books">book</prop>
                <prop key="/cart">cart</prop>
            </props>
        </property>
    </bean>

    <bean id="viewResolver" class="org.springframework.web.servlet.view.InternalResourceViewResolver"
          p:prefix="/WEB-INF/jsp/"
          p:suffix=".jsp"/>

    <bean name="book"
          class="WebConntrollers.BookWeb"
    />
    <bean name="cart"
          class="WebConntrollers.CartWeb"
    />
    <bean name="user"
          class="WebConntrollers.UserWeb"
    />

</beans>